{
    "algorithm": "GradientBoostingRegressor", 
    "algorithmType": "Regression", 
    "author": "1001", 
    "createdAt": 1541932026280, 
    "features": [
        {
            "name": "elevation", 
            "sample": 34.0, 
            "type": "float"
        }, 
        {
            "name": "latitude", 
            "sample": 25.333, 
            "type": "float"
        }, 
        {
            "name": "longitude", 
            "sample": 55.517, 
            "type": "float"
        }
    ], 
    "id": 1541932026280, 
    "isPublished": false, 
    "labelColumns": [
        {
            "name": "21-Jun", 
            "type": "float"
        }
    ], 
    "latestModelVersion": 1, 
    "learningType": "Supervised", 
    "name": "Nov11 Scikit via Hadoop", 
    "params": {}, 
    "publishedBy": "", 
    "publishedModelVersion": -1, 
    "runtime": "Python27", 
    "serialization": "joblib", 
    "source": "", 
    "type": "scikit-learn-0.19"
}